--
-- PostgreSQL database dump
--

-- Dumped from database version 13.18 (Debian 13.18-1.pgdg120+1)
-- Dumped by pg_dump version 13.18 (Debian 13.18-1.pgdg120+1)

SET statement_timeout = 0;
SET lock_timeout = 0;
SET idle_in_transaction_session_timeout = 0;
SET client_encoding = 'UTF8';
SET standard_conforming_strings = on;
SELECT pg_catalog.set_config('search_path', '', false);
SET check_function_bodies = false;
SET xmloption = content;
SET client_min_messages = warning;
SET row_security = off;

SET default_tablespace = '';

SET default_table_access_method = heap;

--
-- Name: carrito; Type: TABLE; Schema: public; Owner: iweb
--

CREATE TABLE public.carrito (
    id bigint NOT NULL,
    precio_total double precision NOT NULL,
    id_usuario bigint NOT NULL
);


ALTER TABLE public.carrito OWNER TO iweb;

--
-- Name: carrito_id_seq; Type: SEQUENCE; Schema: public; Owner: iweb
--

ALTER TABLE public.carrito ALTER COLUMN id ADD GENERATED BY DEFAULT AS IDENTITY (
    SEQUENCE NAME public.carrito_id_seq
    START WITH 1
    INCREMENT BY 1
    NO MINVALUE
    NO MAXVALUE
    CACHE 1
);


--
-- Name: categorias; Type: TABLE; Schema: public; Owner: iweb
--

CREATE TABLE public.categorias (
    id bigint NOT NULL,
    nombre character varying(255) NOT NULL
);


ALTER TABLE public.categorias OWNER TO iweb;

--
-- Name: categorias_id_seq; Type: SEQUENCE; Schema: public; Owner: iweb
--

ALTER TABLE public.categorias ALTER COLUMN id ADD GENERATED BY DEFAULT AS IDENTITY (
    SEQUENCE NAME public.categorias_id_seq
    START WITH 1
    INCREMENT BY 1
    NO MINVALUE
    NO MAXVALUE
    CACHE 1
);


--
-- Name: comentarios; Type: TABLE; Schema: public; Owner: iweb
--

CREATE TABLE public.comentarios (
    id bigint NOT NULL,
    contenido character varying(500) NOT NULL,
    fecha_creacion timestamp(6) without time zone NOT NULL,
    visible boolean NOT NULL,
    id_producto bigint NOT NULL,
    id_usuario bigint NOT NULL
);


ALTER TABLE public.comentarios OWNER TO iweb;

--
-- Name: comentarios_id_seq; Type: SEQUENCE; Schema: public; Owner: iweb
--

ALTER TABLE public.comentarios ALTER COLUMN id ADD GENERATED BY DEFAULT AS IDENTITY (
    SEQUENCE NAME public.comentarios_id_seq
    START WITH 1
    INCREMENT BY 1
    NO MINVALUE
    NO MAXVALUE
    CACHE 1
);


--
-- Name: pagos; Type: TABLE; Schema: public; Owner: iweb
--

CREATE TABLE public.pagos (
    id bigint NOT NULL,
    cvc_tarjeta character varying(255) NOT NULL,
    estado character varying(255) NOT NULL,
    fecha timestamp(6) without time zone NOT NULL,
    fecha_caducidad_tarjeta timestamp(6) without time zone NOT NULL,
    nombre_tarjeta character varying(255) NOT NULL,
    numero_tarjeta character varying(255) NOT NULL,
    razon_estado character varying(255) NOT NULL,
    ticket_ext character varying(255) NOT NULL,
    total double precision NOT NULL,
    pedido_id bigint
);


ALTER TABLE public.pagos OWNER TO iweb;

--
-- Name: pagos_id_seq; Type: SEQUENCE; Schema: public; Owner: iweb
--

ALTER TABLE public.pagos ALTER COLUMN id ADD GENERATED BY DEFAULT AS IDENTITY (
    SEQUENCE NAME public.pagos_id_seq
    START WITH 1
    INCREMENT BY 1
    NO MINVALUE
    NO MAXVALUE
    CACHE 1
);


--
-- Name: parametros_comercio; Type: TABLE; Schema: public; Owner: iweb
--

CREATE TABLE public.parametros_comercio (
    id bigint NOT NULL,
    clave character varying(255) NOT NULL,
    valor character varying(255) NOT NULL
);


ALTER TABLE public.parametros_comercio OWNER TO iweb;

--
-- Name: parametros_comercio_id_seq; Type: SEQUENCE; Schema: public; Owner: iweb
--

ALTER TABLE public.parametros_comercio ALTER COLUMN id ADD GENERATED BY DEFAULT AS IDENTITY (
    SEQUENCE NAME public.parametros_comercio_id_seq
    START WITH 1
    INCREMENT BY 1
    NO MINVALUE
    NO MAXVALUE
    CACHE 1
);


--
-- Name: pedido; Type: TABLE; Schema: public; Owner: iweb
--

CREATE TABLE public.pedido (
    id bigint NOT NULL,
    estado character varying(255) NOT NULL,
    fecha_pedido timestamp(6) without time zone NOT NULL,
    numero_pedido character varying(255) NOT NULL,
    total double precision NOT NULL,
    id_usuario bigint NOT NULL
);


ALTER TABLE public.pedido OWNER TO iweb;

--
-- Name: pedido_completados; Type: TABLE; Schema: public; Owner: iweb
--

CREATE TABLE public.pedido_completados (
    id bigint NOT NULL,
    comercio_nombre character varying(255),
    estado_pago character varying(255),
    fecha timestamp(6) without time zone,
    importe double precision NOT NULL,
    pago_id bigint,
    pedido_id bigint,
    tarjeta character varying(255),
    tarjeta_pago_numero character varying(255),
    ticket_ext character varying(255)
);


ALTER TABLE public.pedido_completados OWNER TO iweb;

--
-- Name: pedido_completados_id_seq; Type: SEQUENCE; Schema: public; Owner: iweb
--

ALTER TABLE public.pedido_completados ALTER COLUMN id ADD GENERATED BY DEFAULT AS IDENTITY (
    SEQUENCE NAME public.pedido_completados_id_seq
    START WITH 1
    INCREMENT BY 1
    NO MINVALUE
    NO MAXVALUE
    CACHE 1
);


--
-- Name: pedido_id_seq; Type: SEQUENCE; Schema: public; Owner: iweb
--

ALTER TABLE public.pedido ALTER COLUMN id ADD GENERATED BY DEFAULT AS IDENTITY (
    SEQUENCE NAME public.pedido_id_seq
    START WITH 1
    INCREMENT BY 1
    NO MINVALUE
    NO MAXVALUE
    CACHE 1
);


--
-- Name: producto_carrito; Type: TABLE; Schema: public; Owner: iweb
--

CREATE TABLE public.producto_carrito (
    id bigint NOT NULL,
    cantidad integer NOT NULL,
    precio_unitario double precision NOT NULL,
    subtotal double precision NOT NULL,
    id_carrito bigint NOT NULL,
    id_producto bigint NOT NULL
);


ALTER TABLE public.producto_carrito OWNER TO iweb;

--
-- Name: producto_carrito_id_seq; Type: SEQUENCE; Schema: public; Owner: iweb
--

ALTER TABLE public.producto_carrito ALTER COLUMN id ADD GENERATED BY DEFAULT AS IDENTITY (
    SEQUENCE NAME public.producto_carrito_id_seq
    START WITH 1
    INCREMENT BY 1
    NO MINVALUE
    NO MAXVALUE
    CACHE 1
);


--
-- Name: producto_pedido; Type: TABLE; Schema: public; Owner: iweb
--

CREATE TABLE public.producto_pedido (
    id bigint NOT NULL,
    cantidad integer NOT NULL,
    precio_unitario double precision NOT NULL,
    subtotal double precision NOT NULL,
    id_pedido bigint NOT NULL,
    id_producto bigint NOT NULL
);


ALTER TABLE public.producto_pedido OWNER TO iweb;

--
-- Name: producto_pedido_id_seq; Type: SEQUENCE; Schema: public; Owner: iweb
--

ALTER TABLE public.producto_pedido ALTER COLUMN id ADD GENERATED BY DEFAULT AS IDENTITY (
    SEQUENCE NAME public.producto_pedido_id_seq
    START WITH 1
    INCREMENT BY 1
    NO MINVALUE
    NO MAXVALUE
    CACHE 1
);


--
-- Name: productos; Type: TABLE; Schema: public; Owner: iweb
--

CREATE TABLE public.productos (
    id bigint NOT NULL,
    categoria character varying(255) NOT NULL,
    descripcion character varying(500) NOT NULL,
    foto character varying(255),
    nombre character varying(255) NOT NULL,
    precio double precision NOT NULL,
    stock integer NOT NULL
);


ALTER TABLE public.productos OWNER TO iweb;

--
-- Name: productos_id_seq; Type: SEQUENCE; Schema: public; Owner: iweb
--

ALTER TABLE public.productos ALTER COLUMN id ADD GENERATED BY DEFAULT AS IDENTITY (
    SEQUENCE NAME public.productos_id_seq
    START WITH 1
    INCREMENT BY 1
    NO MINVALUE
    NO MAXVALUE
    CACHE 1
);


--
-- Name: usuarios; Type: TABLE; Schema: public; Owner: iweb
--

CREATE TABLE public.usuarios (
    id bigint NOT NULL,
    administrador boolean NOT NULL,
    bloqueado boolean NOT NULL,
    email character varying(255) NOT NULL,
    fecha_nacimiento date,
    nombre character varying(255),
    password character varying(255)
);


ALTER TABLE public.usuarios OWNER TO iweb;

--
-- Name: usuarios_id_seq; Type: SEQUENCE; Schema: public; Owner: iweb
--

CREATE SEQUENCE public.usuarios_id_seq
    START WITH 1
    INCREMENT BY 1
    NO MINVALUE
    NO MAXVALUE
    CACHE 1;


ALTER TABLE public.usuarios_id_seq OWNER TO iweb;

--
-- Name: usuarios_id_seq; Type: SEQUENCE OWNED BY; Schema: public; Owner: iweb
--

ALTER SEQUENCE public.usuarios_id_seq OWNED BY public.usuarios.id;


--
-- Name: usuarios id; Type: DEFAULT; Schema: public; Owner: iweb
--

ALTER TABLE ONLY public.usuarios ALTER COLUMN id SET DEFAULT nextval('public.usuarios_id_seq'::regclass);


--
-- Data for Name: carrito; Type: TABLE DATA; Schema: public; Owner: iweb
--

COPY public.carrito (id, precio_total, id_usuario) FROM stdin;
2	0	9
3	56	2
1	0	4
\.


--
-- Data for Name: categorias; Type: TABLE DATA; Schema: public; Owner: iweb
--

COPY public.categorias (id, nombre) FROM stdin;
1	Chaquetas
2	Pantalones
3	Zapatos
\.


--
-- Data for Name: comentarios; Type: TABLE DATA; Schema: public; Owner: iweb
--

COPY public.comentarios (id, contenido, fecha_creacion, visible, id_producto, id_usuario) FROM stdin;
1	Me ha encantado	2025-01-16 07:03:33.866	f	2	4
2	muy buena calidad	2025-01-16 07:13:25.178	t	3	4
3	mi hijo no se las quita para nada	2025-01-16 07:13:58.923	t	3	4
\.


--
-- Data for Name: pagos; Type: TABLE DATA; Schema: public; Owner: iweb
--

COPY public.pagos (id, cvc_tarjeta, estado, fecha, fecha_caducidad_tarjeta, nombre_tarjeta, numero_tarjeta, razon_estado, ticket_ext, total, pedido_id) FROM stdin;
2	123	ACEPT1000	2025-01-17 01:46:00	2024-10-01 00:00:00	Persona Aceptada 3	3000 1234 1234 1234	PAGO ACEPTADO: PAGO PROCESADO CORRECTAMENTE	PED-8D841471	105	2
3	246	ACEPT1000	2025-01-17 01:54:00	2024-10-01 00:00:00	admin1	1111111111111111	PAGO ACEPTADO: PAGO PROCESADO CORRECTAMENTE	PED-695D2C88	185	3
1	123	ACEPT1000	2025-01-17 01:34:00	2028-01-01 00:00:00	buena pizza	3001 1234 1234 1234	PAGO ACEPTADO: PAGO PROCESADO CORRECTAMENTE	PED-28D0DF9F	714	1
4	123	ACEPT1000	2025-01-17 01:58:00	2024-10-01 00:00:00	admin1	1111111111111111	PAGO ACEPTADO: PAGO PROCESADO CORRECTAMENTE	PED-D6A35B5D	325	4
5	145	RECH0001	2025-01-17 01:59:00	2007-05-01 00:00:00	Rechazado 1	0000 1234 1234 1234	PAGO RECHAZADO: SALDO INSUFICIENTE	PED-DF17FEAD	109	5
6	456	RECH0003	2025-01-17 02:00:00	2007-05-01 00:00:00	Rechazado 4	0002 1234 1234 1234	PAGO RECHAZADO: TARJETA VENCIDA	PED-DF17FEAD	109	5
7	167	PEND0002	2025-01-17 02:01:00	2007-05-01 00:00:00	Pendiente 3	1001 1234 1234 1234	PAGO PENDIENTE: TRANSFERENCIA EN ESPERA DE COMPENSACIÓN	PED-DF17FEAD	109	5
8	678	PEND0004	2025-01-17 02:01:00	2007-05-01 00:00:00	Pendiente 2	1003 1234 1234 1234	PAGO PENDIENTE: PROCESO DE CONCILIACIÓN BANCARIA EN CURSO	PED-DF17FEAD	109	5
9	145	ACEPT1000	2025-01-17 02:02:00	2009-08-01 00:00:00	Completooooo	8484848484848484	PAGO ACEPTADO: PAGO PROCESADO CORRECTAMENTE	PED-DF17FEAD	109	5
10	123	ACEPT0004	2025-01-17 02:02:00	2007-05-01 00:00:00	Nice aceptado	2003 1234 1234 1234	PAGO ACEPTADO: MONEDA SOPORTADA POR EL PROCESADOR DE PAGOS	PED-E40A71C5	172	6
11	123	ACEPT1000	2025-01-17 02:04:00	2024-10-01 00:00:00	admin1	1111111111111111	PAGO ACEPTADO: PAGO PROCESADO CORRECTAMENTE	PED-3C26C148	169	7
12	123	ACEPT1000	2025-01-17 02:12:00	2024-10-01 00:00:00	admin1	1111111111111111	PAGO ACEPTADO: PAGO PROCESADO CORRECTAMENTE	PED-48D92F85	112	8
13	123	RECH0001	2025-01-17 02:13:00	2024-10-01 00:00:00	Rechazado 1	0000 1234 1234 1234	PAGO RECHAZADO: SALDO INSUFICIENTE	PED-13EF7D7C	37	9
14	145	PEND0003	2025-01-17 02:13:00	2024-10-01 00:00:00	Pendiente 2	1002 1234 1234 1234	PAGO PENDIENTE: CONVERSIÓN DE MONEDA EN PROCESO	PED-13EF7D7C	127	9
15	456	RECH0001	2025-01-17 02:20:00	2007-05-01 00:00:00	Rechazado 1	0000 1234 1234 1234	PAGO RECHAZADO: SALDO INSUFICIENTE	PED-13EF7D7C	183	9
16	456	PEND0002	2025-01-17 02:21:00	2011-10-01 00:00:00	Pendiente 2	1001 1234 1234 1234	PAGO PENDIENTE: TRANSFERENCIA EN ESPERA DE COMPENSACIÓN	PED-13EF7D7C	183	9
17	867	ACEPT1000	2025-01-17 02:22:00	2009-08-01 00:00:00	bbbb	8712871287128712	PAGO ACEPTADO: PAGO PROCESADO CORRECTAMENTE	PED-13EF7D7C	183	9
\.


--
-- Data for Name: parametros_comercio; Type: TABLE DATA; Schema: public; Owner: iweb
--

COPY public.parametros_comercio (id, clave, valor) FROM stdin;
1	apiKey	mi-api-key-12346
2	nombre	JaySports
\.


--
-- Data for Name: pedido; Type: TABLE DATA; Schema: public; Owner: iweb
--

COPY public.pedido (id, estado, fecha_pedido, numero_pedido, total, id_usuario) FROM stdin;
1	COMPLETADO	2025-01-17 01:34:05.016748	PED-28D0DF9F	714	4
2	COMPLETADO	2025-01-17 01:37:17.918931	PED-8D841471	105	4
3	COMPLETADO	2025-01-17 01:48:08.090077	PED-695D2C88	185	4
4	COMPLETADO	2025-01-17 01:56:52.44019	PED-D6A35B5D	325	4
5	COMPLETADO	2025-01-17 01:59:22.024384	PED-DF17FEAD	109	4
6	COMPLETADO	2025-01-17 02:02:28.002826	PED-E40A71C5	172	4
7	COMPLETADO	2025-01-17 02:03:31.306887	PED-3C26C148	169	4
8	COMPLETADO	2025-01-17 02:12:31.887282	PED-48D92F85	112	4
9	COMPLETADO	2025-01-17 02:12:57.242745	PED-13EF7D7C	183	4
10	PENDIENTE	2025-01-17 02:22:47.278517	PED-0D22F2D5	0	4
\.


--
-- Data for Name: pedido_completados; Type: TABLE DATA; Schema: public; Owner: iweb
--

COPY public.pedido_completados (id, comercio_nombre, estado_pago, fecha, importe, pago_id, pedido_id, tarjeta, tarjeta_pago_numero, ticket_ext) FROM stdin;
\.


--
-- Data for Name: producto_carrito; Type: TABLE DATA; Schema: public; Owner: iweb
--

COPY public.producto_carrito (id, cantidad, precio_unitario, subtotal, id_carrito, id_producto) FROM stdin;
4	1	45	45	2	6
5	1	56	56	3	5
10	1	56	56	3	3
\.


--
-- Data for Name: producto_pedido; Type: TABLE DATA; Schema: public; Owner: iweb
--

COPY public.producto_pedido (id, cantidad, precio_unitario, subtotal, id_pedido, id_producto) FROM stdin;
1	2	45	90	1	6
2	2	56	112	1	5
3	4	35	140	1	2
4	2	23	46	1	7
5	3	56	168	1	3
6	3	37	111	1	4
7	1	47	47	1	10
8	1	23	23	2	7
9	1	47	47	2	10
10	1	35	35	2	12
11	2	23	46	3	7
12	1	37	37	3	4
13	1	35	35	3	2
14	2	23	46	3	7
15	1	37	37	3	4
16	1	35	35	3	2
17	2	23	46	3	7
18	1	37	37	3	4
19	1	35	35	3	2
20	2	23	46	3	7
21	1	37	37	3	4
22	1	35	35	3	2
23	2	23	46	3	7
24	1	37	37	3	4
25	1	35	35	3	2
26	1	37	37	3	4
27	1	35	35	3	2
28	1	35	35	3	2
29	1	45	45	3	6
30	1	23	23	3	7
31	1	47	47	3	10
32	1	45	45	3	6
33	1	23	23	3	7
34	1	47	47	3	10
35	1	45	45	3	6
36	1	23	23	3	7
37	1	47	47	3	10
38	1	45	45	3	6
39	1	23	23	3	7
40	1	47	47	3	10
41	2	35	70	3	2
42	1	56	56	4	3
43	1	45	45	4	6
44	2	56	112	4	5
45	2	56	112	4	9
46	1	56	56	4	3
47	1	45	45	4	6
48	2	56	112	4	5
49	2	56	112	4	9
50	1	56	56	4	3
51	1	45	45	4	6
52	2	56	112	4	5
53	2	56	112	4	9
54	1	56	56	4	3
55	1	45	45	4	6
56	2	56	112	4	5
57	2	56	112	4	9
58	1	56	56	4	3
59	1	45	45	4	6
60	2	56	112	4	5
61	2	56	112	4	9
62	1	56	56	4	3
63	1	45	45	4	6
64	2	56	112	4	5
65	2	56	112	4	9
66	1	56	56	4	3
67	1	45	45	4	6
68	2	56	112	4	5
69	2	56	112	4	9
70	1	56	56	4	3
71	1	45	45	4	6
72	2	56	112	4	5
73	2	56	112	4	9
74	1	56	56	4	3
75	1	45	45	4	6
76	2	56	112	4	5
77	2	56	112	4	9
78	1	56	56	4	3
79	1	45	45	4	6
80	2	56	112	4	5
81	2	56	112	4	9
82	1	56	56	4	3
83	1	45	45	4	6
84	2	56	112	4	5
85	2	56	112	4	9
86	1	56	56	4	3
87	1	45	45	4	6
88	2	56	112	4	5
89	2	56	112	4	9
90	1	56	56	4	3
91	1	45	45	4	6
92	2	56	112	4	5
93	2	56	112	4	9
94	2	37	74	5	4
95	1	35	35	5	2
96	2	37	74	5	4
97	1	35	35	5	2
98	2	37	74	5	4
99	1	35	35	5	2
100	2	37	74	5	4
101	1	35	35	5	2
102	2	37	74	5	4
103	1	35	35	5	2
104	2	37	74	5	4
105	1	35	35	5	2
106	2	37	74	5	4
107	1	35	35	5	2
108	2	37	74	5	4
109	1	35	35	5	2
110	2	37	74	5	4
111	1	35	35	5	2
112	2	37	74	5	4
113	1	35	35	5	2
114	2	37	74	5	4
115	1	35	35	5	2
116	2	37	74	5	4
117	1	35	35	5	2
118	2	37	74	5	4
119	1	35	35	5	2
120	2	37	74	5	4
121	1	35	35	5	2
122	2	37	74	5	4
123	1	35	35	5	2
124	2	37	74	5	4
125	1	35	35	5	2
126	2	37	74	5	4
127	1	35	35	5	2
128	2	37	74	5	4
129	1	35	35	5	2
130	2	37	74	5	4
131	1	35	35	5	2
132	2	37	74	5	4
133	1	35	35	5	2
134	1	23	23	6	7
135	1	37	37	6	4
136	2	56	112	6	3
137	2	23	46	7	7
138	1	67	67	7	11
139	1	56	56	7	3
140	2	56	112	8	3
141	1	37	37	9	4
142	1	37	37	9	4
143	1	23	23	9	7
144	1	37	37	9	4
145	1	23	23	9	7
146	1	67	67	9	11
147	1	37	37	9	4
148	1	23	23	9	7
149	1	67	67	9	11
150	1	56	56	9	3
151	1	37	37	9	4
152	1	23	23	9	7
153	1	67	67	9	11
154	1	56	56	9	3
155	1	37	37	9	4
156	1	23	23	9	7
157	1	67	67	9	11
158	1	56	56	9	3
159	1	37	37	9	4
160	1	23	23	9	7
161	1	67	67	9	11
162	1	56	56	9	3
163	1	37	37	9	4
164	1	23	23	9	7
165	1	67	67	9	11
166	1	56	56	9	3
167	1	37	37	9	4
168	1	23	23	9	7
169	1	67	67	9	11
170	1	56	56	9	3
171	1	37	37	9	4
172	1	23	23	9	7
173	1	67	67	9	11
174	1	56	56	9	3
175	1	37	37	9	4
176	1	23	23	9	7
177	1	67	67	9	11
178	1	56	56	9	3
179	1	37	37	9	4
180	1	23	23	9	7
181	1	67	67	9	11
182	1	56	56	9	3
183	1	37	37	9	4
184	1	23	23	9	7
185	1	67	67	9	11
186	1	56	56	9	3
187	1	37	37	9	4
188	1	23	23	9	7
189	1	67	67	9	11
190	1	56	56	9	3
191	1	37	37	9	4
192	1	23	23	9	7
193	1	67	67	9	11
194	1	56	56	9	3
\.


--
-- Data for Name: productos; Type: TABLE DATA; Schema: public; Owner: iweb
--

COPY public.productos (id, categoria, descripcion, foto, nombre, precio, stock) FROM stdin;
2	hola	ddddddddddddddddddddd	bolso_puma_coperni.jpg	bolso puma coperni 	35	5
3	botas	ddddddddddddddddddddd	botas_futbol_ultra_5.jpg	botas futbol ultra 5	56	6
4	botas 	eeeeeeeeeeeeeeeee	botas_puma_evolve_niño.jpg	botas puma evolve niño	37	5
5	camiseta	eeeeeeeeeeeeeeeeeeeeeee	camiseta_ac_milan.jpg	camiseta ac milan	56	3
6	camiseta	ssssssssssssssssssssssssss	camiseta_manchester_city.jpg	camiseta machester city	45	3
7	camiseta	aaaaaaaaaaaaaaaaaa	camiseta_puma_rocket_league.jpg	camiseta puma rocket league	23	3
8	camiseta	erwgeeeeeeee	camiseta_pumaSquad_negra.jpg	camiseta puma squad negra	47	4
9	camiseta	ddddddddddddddddddddddddd	camiseta_skepta_blanca.jpg	camiseta skepta blanca	56	4
10	chaqueta	wdwwwwwwwwwwww	chaqueta_minicats_niños.jpg	chaqueta minicats niños	47	45
11	chaqueta	wfeeeeeeeeeeeeeeee	chaqueta_reversible_negra.jpg	chaqueta reversible negra	67	5
12	chaqueta	wwwwwwwwwwwwwwwwww	chaqueta_skepta_negra.jpg	chaqueta skepta negra	35	2
13	chaqueta	eeeeeeeeeeeeeeeeeeeeeeeeeeeee	chaqueta_verde_puma.jpg	chaqueta verde puma	35	5
\.


--
-- Data for Name: usuarios; Type: TABLE DATA; Schema: public; Owner: iweb
--

COPY public.usuarios (id, administrador, bloqueado, email, fecha_nacimiento, nombre, password) FROM stdin;
2	t	f	admin@gmail.com	1999-01-01	admin	admin
4	f	f	user@gmail.com	1997-01-01	user	user
6	f	f	user3@gmail.com	1999-01-01	user3	user3
7	f	f	user4@gmail.com	1900-01-01	user4	user4
8	f	f	user5@gmail.com	1990-01-01	user5	user5
9	f	f	user6@gmail.com	2004-02-01	user6	user6
5	f	f	user2@gmail.com	1999-01-01	user2	user2
\.


--
-- Name: carrito_id_seq; Type: SEQUENCE SET; Schema: public; Owner: iweb
--

SELECT pg_catalog.setval('public.carrito_id_seq', 3, true);


--
-- Name: categorias_id_seq; Type: SEQUENCE SET; Schema: public; Owner: iweb
--

SELECT pg_catalog.setval('public.categorias_id_seq', 3, true);


--
-- Name: comentarios_id_seq; Type: SEQUENCE SET; Schema: public; Owner: iweb
--

SELECT pg_catalog.setval('public.comentarios_id_seq', 3, true);


--
-- Name: pagos_id_seq; Type: SEQUENCE SET; Schema: public; Owner: iweb
--

SELECT pg_catalog.setval('public.pagos_id_seq', 17, true);


--
-- Name: parametros_comercio_id_seq; Type: SEQUENCE SET; Schema: public; Owner: iweb
--

SELECT pg_catalog.setval('public.parametros_comercio_id_seq', 2, true);


--
-- Name: pedido_completados_id_seq; Type: SEQUENCE SET; Schema: public; Owner: iweb
--

SELECT pg_catalog.setval('public.pedido_completados_id_seq', 1, false);


--
-- Name: pedido_id_seq; Type: SEQUENCE SET; Schema: public; Owner: iweb
--

SELECT pg_catalog.setval('public.pedido_id_seq', 10, true);


--
-- Name: producto_carrito_id_seq; Type: SEQUENCE SET; Schema: public; Owner: iweb
--

SELECT pg_catalog.setval('public.producto_carrito_id_seq', 37, true);


--
-- Name: producto_pedido_id_seq; Type: SEQUENCE SET; Schema: public; Owner: iweb
--

SELECT pg_catalog.setval('public.producto_pedido_id_seq', 194, true);


--
-- Name: productos_id_seq; Type: SEQUENCE SET; Schema: public; Owner: iweb
--

SELECT pg_catalog.setval('public.productos_id_seq', 13, true);


--
-- Name: usuarios_id_seq; Type: SEQUENCE SET; Schema: public; Owner: iweb
--

SELECT pg_catalog.setval('public.usuarios_id_seq', 12, true);


--
-- Name: carrito carrito_pkey; Type: CONSTRAINT; Schema: public; Owner: iweb
--

ALTER TABLE ONLY public.carrito
    ADD CONSTRAINT carrito_pkey PRIMARY KEY (id);


--
-- Name: categorias categorias_pkey; Type: CONSTRAINT; Schema: public; Owner: iweb
--

ALTER TABLE ONLY public.categorias
    ADD CONSTRAINT categorias_pkey PRIMARY KEY (id);


--
-- Name: comentarios comentarios_pkey; Type: CONSTRAINT; Schema: public; Owner: iweb
--

ALTER TABLE ONLY public.comentarios
    ADD CONSTRAINT comentarios_pkey PRIMARY KEY (id);


--
-- Name: pagos pagos_pkey; Type: CONSTRAINT; Schema: public; Owner: iweb
--

ALTER TABLE ONLY public.pagos
    ADD CONSTRAINT pagos_pkey PRIMARY KEY (id);


--
-- Name: parametros_comercio parametros_comercio_pkey; Type: CONSTRAINT; Schema: public; Owner: iweb
--

ALTER TABLE ONLY public.parametros_comercio
    ADD CONSTRAINT parametros_comercio_pkey PRIMARY KEY (id);


--
-- Name: pedido_completados pedido_completados_pkey; Type: CONSTRAINT; Schema: public; Owner: iweb
--

ALTER TABLE ONLY public.pedido_completados
    ADD CONSTRAINT pedido_completados_pkey PRIMARY KEY (id);


--
-- Name: pedido pedido_pkey; Type: CONSTRAINT; Schema: public; Owner: iweb
--

ALTER TABLE ONLY public.pedido
    ADD CONSTRAINT pedido_pkey PRIMARY KEY (id);


--
-- Name: producto_carrito producto_carrito_pkey; Type: CONSTRAINT; Schema: public; Owner: iweb
--

ALTER TABLE ONLY public.producto_carrito
    ADD CONSTRAINT producto_carrito_pkey PRIMARY KEY (id);


--
-- Name: producto_pedido producto_pedido_pkey; Type: CONSTRAINT; Schema: public; Owner: iweb
--

ALTER TABLE ONLY public.producto_pedido
    ADD CONSTRAINT producto_pedido_pkey PRIMARY KEY (id);


--
-- Name: productos productos_pkey; Type: CONSTRAINT; Schema: public; Owner: iweb
--

ALTER TABLE ONLY public.productos
    ADD CONSTRAINT productos_pkey PRIMARY KEY (id);


--
-- Name: carrito uk1wsroe3wjs4dtnskxrlh7sm71; Type: CONSTRAINT; Schema: public; Owner: iweb
--

ALTER TABLE ONLY public.carrito
    ADD CONSTRAINT uk1wsroe3wjs4dtnskxrlh7sm71 UNIQUE (id_usuario);


--
-- Name: parametros_comercio ukapc14p5feudq4s2wmdov3ukta; Type: CONSTRAINT; Schema: public; Owner: iweb
--

ALTER TABLE ONLY public.parametros_comercio
    ADD CONSTRAINT ukapc14p5feudq4s2wmdov3ukta UNIQUE (clave);


--
-- Name: pedido ukj0l80ge0fmklge54qlnx8ovur; Type: CONSTRAINT; Schema: public; Owner: iweb
--

ALTER TABLE ONLY public.pedido
    ADD CONSTRAINT ukj0l80ge0fmklge54qlnx8ovur UNIQUE (numero_pedido);


--
-- Name: usuarios usuarios_pkey; Type: CONSTRAINT; Schema: public; Owner: iweb
--

ALTER TABLE ONLY public.usuarios
    ADD CONSTRAINT usuarios_pkey PRIMARY KEY (id);


--
-- Name: pedido fk1jrv9w6qwijj7gv47oulj0q92; Type: FK CONSTRAINT; Schema: public; Owner: iweb
--

ALTER TABLE ONLY public.pedido
    ADD CONSTRAINT fk1jrv9w6qwijj7gv47oulj0q92 FOREIGN KEY (id_usuario) REFERENCES public.usuarios(id);


--
-- Name: comentarios fk1p19mnmrhsp25p79cg1o7oke5; Type: FK CONSTRAINT; Schema: public; Owner: iweb
--

ALTER TABLE ONLY public.comentarios
    ADD CONSTRAINT fk1p19mnmrhsp25p79cg1o7oke5 FOREIGN KEY (id_usuario) REFERENCES public.usuarios(id);


--
-- Name: producto_pedido fk61xpthuedk4fuxhy9ffbscog4; Type: FK CONSTRAINT; Schema: public; Owner: iweb
--

ALTER TABLE ONLY public.producto_pedido
    ADD CONSTRAINT fk61xpthuedk4fuxhy9ffbscog4 FOREIGN KEY (id_pedido) REFERENCES public.pedido(id);


--
-- Name: producto_carrito fkht34thlww4903in1c6r1wmctl; Type: FK CONSTRAINT; Schema: public; Owner: iweb
--

ALTER TABLE ONLY public.producto_carrito
    ADD CONSTRAINT fkht34thlww4903in1c6r1wmctl FOREIGN KEY (id_carrito) REFERENCES public.carrito(id);


--
-- Name: producto_pedido fkibkl5ly2c2gv0pcjp7nkp299l; Type: FK CONSTRAINT; Schema: public; Owner: iweb
--

ALTER TABLE ONLY public.producto_pedido
    ADD CONSTRAINT fkibkl5ly2c2gv0pcjp7nkp299l FOREIGN KEY (id_producto) REFERENCES public.productos(id);


--
-- Name: carrito fkkg5h8ejijsgwfr68aoggh4l8m; Type: FK CONSTRAINT; Schema: public; Owner: iweb
--

ALTER TABLE ONLY public.carrito
    ADD CONSTRAINT fkkg5h8ejijsgwfr68aoggh4l8m FOREIGN KEY (id_usuario) REFERENCES public.usuarios(id);


--
-- Name: pagos fkrfwu5myi9ckac1yowi09m7gqv; Type: FK CONSTRAINT; Schema: public; Owner: iweb
--

ALTER TABLE ONLY public.pagos
    ADD CONSTRAINT fkrfwu5myi9ckac1yowi09m7gqv FOREIGN KEY (pedido_id) REFERENCES public.pedido(id);


--
-- Name: producto_carrito fkstfkowpwxp1ih2nj3f8gwetqd; Type: FK CONSTRAINT; Schema: public; Owner: iweb
--

ALTER TABLE ONLY public.producto_carrito
    ADD CONSTRAINT fkstfkowpwxp1ih2nj3f8gwetqd FOREIGN KEY (id_producto) REFERENCES public.productos(id);


--
-- Name: comentarios fktav859qubu54wj0m3blrh09l5; Type: FK CONSTRAINT; Schema: public; Owner: iweb
--

ALTER TABLE ONLY public.comentarios
    ADD CONSTRAINT fktav859qubu54wj0m3blrh09l5 FOREIGN KEY (id_producto) REFERENCES public.productos(id);


--
-- PostgreSQL database dump complete
--

